9342323000673,Totally Pets Rabbit & Guinea Pig Food 3kg (778852) Carton of 4   Carton Sales Only,7.26
9342323001090,Totally Pets Rabbit Pellets 3kg (778721) Carton of 4Carton Sales Only,8.27
9342323003018,Tot Pets Healthie Bird  Budgie Mix 2 Kg (363283) Carton of 8   Carton Sales Only,4.40
9342323003025,Tot Pets Healthie Bird Canary & Finch Mix 2kg (724780 )Carton of 8  Carton Sales Only,4.40
9342323003032,Tot Pets Healthie Bird  Parrot Food/Wild Bird 2kg (724853)Carton of 8   Carton Sales Only,4.40
9342323003049,Tot Pets Healthie Bird Small Parrot Food 2kg (724861)Carton of 8  Carton Sales Only,4.40
9342323003056,Tot Pets Healthie Bird Sunflower Seed 1.5kg (363217)Carton of 6  Carton Sales Only,6.60
9323007000516,Whistler Percher Treat - Fruit & Nut 1.2Kg,9.45
9323007000523,Whistler Percher Treat - Carrot & Apple  1.2kg,9.45
9323007000530,Whistler Percher Treat - Tropical Sunflower 925gm,9.45
9323007008031,Whistler Cockatiel Lollipop 300gm (835824),3.89
9323007008048,Whistler Budgie & Canary Lollipop 320gm (835858),3.37
9323007008055,Whistler Large Wildbird Lollipop 300gm (835874),3.89
9323007000554,Whistler Cockatiel Block 790gm,5.40
9323007000561,Whistler Sunflower Block 590gm,5.40
9323007000578,Whistler Large Wildbird Block 790gm,5.40
9323007000585,Whistler Small Wildbird Block 790gm,5.40
9323007000608,Whistler 'Healthy Bar' Cockatiel  - Parsley & Peppers 100gm,2.49
9323007000615,Whistler 'Healthy Bar' Budgie - Apple & Carrot 100gm,2.39
9323007000622,Whistler 'Healthy Bar' Canary & Finch - Parsley & Currants 100gm,2.49
9323007000639,Whistler 'Healthy Bar' Small Parrot - Peanuts & Banana 100gm,2.39
9323007000646,"Whistler 'Healthy Bar' Large Parrot - Paw-Paw, Pineapple, Banana 100gm",2.49
9323007000660,Whistler 'Lorikeet Bars' Tropical Fruit - SRT 100gm,2.98
9323007000806,Whistler Egg & Biscuit Formula 500gm,7.79
9323007000813,Whistler Egg & Biscuit Formula 1kg,12.34
9323007000820,Whistler Lorikeet Formula 500g,8.10
9323007000837,Whistler Lorikeet Formula 1kg,12.34
9323007000844,Whistler Lorikeet Formula 2 Kg,22.74
9323007000851,Whistler Hand Rearing Formula 500gm,8.44
9323007000868,Whistler Hand Rearing Formula 1kg,14.29
9323007000875,Whistler Natural Millet Sprays 50gm,4.23
9323007000882,Whistler Natural Millet Sprays 200gm,8.50
9323007000899,Whistler Natural Millet Sprays 500gm,16.24
9323007002084,Whistler Macaw Tropical Medley 700gm,9.09
9323007002015,Whistler Avian Science Budgerigar Seed 2kg Carton of 4.   Carton Sales Only,4.73
9323007002022,Whistler Avian Science Canary & Finch Seed 2kg Carton of 4 Carton Sales Only,4.73
9323007002039,Whistler Avian Science Cockatiel Seed 2kg Carton of 4.   Carton Sales Only,4.54
9323007002046,Whistler Avian Science Small Wildbird Seed 2kg Carton of 4Carton Sales Only,4.54
9323007002053,Whistler Avian Science Large Wildbird Seed 2kg Carton of 4Carton Sales Only,4.54
9323007002060,Whistler Avian Science Parrot Seed 2kg  Carton of 4  Carton Sales Only,4.54
9323007002077,Whistler Avian Science Sunflower 1kg Carton of 4   Carton Sales Only,4.15
9323007001858,Whistler Avian Science Budgerigar Seed 15 kg  ,26.64
9323007001834,Whistler Avian Science Canary & Finch Seed 15kg ,26.64
9323007001810,Whistler Avian Science Large Wild Bird & Parrot 15kg,19.49
9323007001841,Whistler Avian Science Cockatoo & Parrot 15kg,22.74
9323007001827,Whistler Avian Science Small Wild Bird & Parrot 15kg,22.74
9323007001919,Whistler Avian Science Pigeon Mix 15kg,19.49
9323007001803,Whistler Avian Science Cockatiel & Peachface 15kg,22.74
9323007000301,Nibbler Healthy Bar Banana & Carrot 100gm,2.29
9323007002107,Nibbler Rabbit & Guinea Pig Mix 2kg Carton of 4.   Carton Sales Only,5.50
9323007002121,Nibbler Rabbit & Guinea Pig Pellets 2 kg Carton of 4.   Carton Sales Only,5.50
9323007002138,Nibbler Rat & Mouse Mix 500gm,3.37
9323007007706,Ripper Rawhide Filled Rolls - Chicken Basted 2 pack (492998),5.05
9323007007713,Ripper Rawhide Filled Rolls - Hickory-Beef Basted 2 pack (493009),5.05
9323007007720,"Ripper Rawhide & Chicken ""Chewy Buns6 pack",7.43
9323007007737,"Ripper Rawhide & Chicken ""Chewy Donuts""  2 Pk (493017)",5.40
9323007007744,"Ripper Rawhide & Chicken ""Bow Ties"" 6 Pack (492980)",7.43
9323007007829,"Ripper Rawhide & Chicken Knot Bones  (3""Inch)  (Sml/Med Breed)  6 pack (492980)",8.10
9323007007836,"Ripper Rawhide & Chicken Knot Bones   (6""Inch)Large Breed)  3 pack (492702)",8.10
9323007007843,"Ripper Rawhide Dinosaur Knot Bone ""Hickory Beef"" (Lge/Giant Breed) (492671)",8.10
9323007007850,"Ripper Rawhide Knot Bones ""Hickory Beef""  (Med/Lge Breed) 2 Pk  (492710)",4.38
9323007007867,"Ripper Rawhide ""Donuts"" Chicken Basted 2 Pk (492728)",4.05
9323007007874,"Ripper Rawhide ""Donuts"" Beef Basted 2 Pk(492752)",4.05
9323007008512,Ripper Treats Mini Bones Beef 400gm,5.64
9323007008529,Ripper Treats Mini Bones Chicken 400gm,5.64
9323007008536,Ripper Treats Mini Bones Liver 400gm,5.64
9329478015301,It's Treat Time Dog Chicken Jerky Bar 100gm,5.57
9329478015356,It's Treat Time Dry Chicken Jerky 100gm,5.57
9329478023443,It's Treat Time Chicken Rawhide Twist 100gm,7.43
9329478015264,It's Treat Time  Soft Chicken Jerky Strip 100gm,5.57
9329478023535,It's Treat Time Chicken Biscuit Twist 100gm,4.33
9329478030151,It's Treat Time Chicken Sticks 100gm,4.33
9342323000024,Totally Pets Smoked Chicken Crunchies 150gm (778551),6.02
9342323000048,Totally Pets Smoked Gourmet Pork Trotters 3 piece Small (853000),6.23
9342323000109,Totally Pets Smoked  Lamb Shanks Full (778454),5.19
9342323000116,Totally Pets Rawhide Puppy Chips Chicken Flavoured 100gm (778658),3.73
9342323000123,Totally Pets Rawhide Puppy Chips Beef  Flavoured 100gm(778412),3.73
9342323000857,Totally Pets Soft Knotted Bone 135g (778860),4.36
9342323000864,Totally Pets Munchy Flat Strips 245g (853107),4.12
9342323000871,Totally Pets Basted Beef Strips 110g (856163),3.29
9342323000888,Totally Pets Smoked Beef Bones 4pk 150g (778624),4.36
9342323000918,Totally Pets Crinkle Cut Beef Chips 95g (853173),4.36
9342323000932,Totally Pets 3 Flavour Rawhide Bones 115g (856252),4.05
9342323000956,Totally Pets Smoked Rolls 4pc 95g (778828),3.11
9342323000987,Totally Pets Pumpkin Flat Strips 245g (856278),4.36
9342323001007,Porkhide Twisted Stick 175g,5.40
9342323001014,Totally Pets Pigs Ears 2 pk (778585),5.73
9342323001021,Totally Pets Liver Treats 100g (778983),4.67
9342323001038,*Totally Pets Tasty Oinkers 3 PK (778438),4.79
9342323001045,Totally Pets All Natural Smoked Puppy Bone 1 Pce  (778844),4.15
9342323001052,Totally Pets Chicken Twist Sticks 115g (856260),3.11
9342323002332,Totally Pets Lamb Crunchie Chunks 75gm (778543),4.98
9342323002356,Totally Pets Rawhide Knot Bone 2 pk (856171),4.05
9342323002868,Totally Pets Rawhide Munchy Value Pack 500gm (288289),6.10
9342323002875,Totally Pets Munchy Dumbell 5 Pack (288310),3.11
9342323003230,"Totally Pets Smoked Beef Bone 6.5""/200gm",4.07
9342323003988,Totally Pets Aussie  Beef Jerky 200gm,5.52
9342323003995,Totally Pets Aussie  Chicken Jerky 200gm,5.52
9342323004008,Totally Pets Aussie  Smokey Bacon Jerky 200gm,5.52
9342323004015,Totally Pets Aussie Liver Jerky 200gm,5.52
9342323004022,Totally Pets Aussie  Kangaroo Jerky 200gm,5.52
9342323004039,Totally Pets Aussie  Lamb Jerky 200 gm,5.52
9342323004046,Totally Pets Aust Made Liver & Veg Training Treats 150gm,5.74
846998013666,"Nerf 3.5"" - SMALL Spiral Squeak Football",7.14
846998013840,"Nerf 1.75"" Squeak Tennis Balls-4pk",6.42
846998013857,"Nerf 2"" Squeak Tennis Balls-3pk",5.74
846998013864,"Nerf 2.5"" Squeak Tennis Balls-3pk",6.42
846998013871,"Nerf 3"" Squeak Tennis Balls-2pk ",5.74
846998014868,Nerf Dumbell,9.00
846998015295,"Nerf 3.25"" - SMALL Teether Football",4.72
846998015622,"Nerf 2.5"" - SMALL Tire Squeak Ball",6.75
846998015653,"Nerf 3"" - MEDIUM Tire Squeak Ball",7.43
846998015684,"Nerf 4"" - SMALL Tire Squeak Football",8.12
846998015790,"Nerf 2.75"" - SMALL Tire Feeder",4.05
846998015837,"Nerf 3.5"" - MEDIUM Tire Feeder",5.74
846998016155,"Nerf 4.5"" - LARGE Ultra-Track Ball",7.09
846998016186,"Nerf 5"" - SMALL Ultra-Track Football",6.75
846998016216,"Nerf 7"" - MEDIUM Ultra-Track Football",7.77
846998016711,"Nerf 3"" - MEDIUM Soccer  Crunch Ball",9.74
846998020831,"Nerf 2.5"" - SMALL LED  Ball",8.58
846998021029,"Nerf 4"" - SMALL LED Football",10.81
846998033435,Nerf Tennis Ball Blaster Med,25.99
846998070072,"Nerf 3"" Medium Wrapped Clasiic Tennis Ball ",8.10
9311821904653,Paw Play 21cm Stretch Rope Bone,3.73
9311821904660,Paw Play 31cm Stretch Rope Bone,4.95
9311821904677,Paw Play 36cm Stretch Rope Bone,9.64
9311821904684,Paw Play 38cm Stretch Rope Bone 3 Knot,10.00
9311821904691,Paw Play 68cm Stretch Rope Bone 3 Knot,14.12
9311821904868,Paw Play 45cm Stretch Tug Rope 220g,15.00
9311821904875,Paw Play 45cm Stretch Tug Rope 340g,15.89
9311821904882,Paw Play 45cm Stretch Tug Rope 270g,14.22
9311821905773,Paw Play Heavy Duty 50cm Rope Bone ,11.50
9311821905780,Paw Play Heavy Duty 60cm 3 Knot ,12.78
9311821905797,Paw Play Heavy Duty 60cm Tug Rope,14.06
9342323001359,Totally Pets Sporty Balls (778967),3.42
9342323001342,Totally Pets Tennis Balls Med (778519),3.87
9342323001427,Totally Pets Paw Play AMY Tug Toys (680758),4.95
9342323001434,Totally Pets Plush Dog Toy (680059) Small Sausage Roll,5.99
9342323001434,Totally Pets Plush Dog Toy (680059) Animals,5.99
9342323001458,Totally Pets Tennis Strap Ball (680562),3.73
9342323001465,Totally Pets Chicken Leg Crackle Toy (681178),5.99
9342323001465,Totally Pets Orange Bone Crackle Toy (681178),5.99
9342323001489,Totally Pets Cotton Tug Toy Small (680245),3.73
9342323001496,Totally Pets Rope with 2 Tennis Balls (681039),6.23
9342323001533,Totally Pets Heart Ball Plush Sports Ball  (681089),7.19
9342323001540,"Totally Pets Star Fling Ball 2.375""  (681186)",7.19
9342323001557,Totally Pets Spiney Squeak Toy (680716),4.36
9342323001564,Totally Pets Rubber Dumbell (681063),4.98
9342323001571,Totally Pets Squeaky Chicken Sm (680083),6.85
9342323001595,Totally Pets Sport Dumbell (681152),4.36
9342323001601,Totally Pets Rope and Rubber Ball (681225),5.99
9342323001656,Totally Pets Treat Cog On Rope (680075),6.59
9342323001939,Totally Pets Tug Toy Lge Blue 2 Balls (680229),5.61
9342323001939,Totally Pets Tug Toy Lge Pink 2 Balls (680229),5.61
9342323001939,Totally Pets  Tug Toy Lg Green Rope 2 Balls (680229),5.61
9342323001939,Totally Pets Tug Toy Lge Rope with Handle (680229),5.61
9342323001939,Totally Pets Tug Toy Lge Sausage Roll (680229),5.61
9342323001977,Totally Pets Cuddly Pup (680570),7.79
9342323001984,Totally Pets Rubber Ball (681144),4.36
9342323002790,Totally Pets Squeaky Squirrel Dog Toy(288378),3.55
9342323002981,Totally Pets Chew Toy Gel Bone  (724895),5.54
9342323002981,Totally Pets Chew Toy Gel Loop (724895),5.54
9342323002981,Totally Pets Chew Toy Gripper Roll (724895),5.54
9342323002981,Totally Pets Chew Toy Gel Ring (724895),5.54
9342323002981,Totally Pets Chew Toy Rubber Cross (724895),5.54
9342323002981,Totally Pets Chew Toy Treat Football (724895),5.54
9342323002981,Totally Pets Dog Chew Toys Spikey Bone (724895),5.54
9342323002998,Totally Pets Fun Toy Lattice Ball (724900),5.54
9342323002998,Totally Pets Dog Fun Toy Grey Bone (724900),5.54
9342323002998,Totally Pets Dog Fun Toy Green Elephant (724900),5.54
9342323002998,Totally Pets Dog Fun Toy Gel Frisbee 23cm,5.54
9342323004992,Tough Dog Toy Gel Bone ,3.46
9342323004992,Tough Dog Toy Gel Loop,3.46
9342323004992,Tough Dog Toy  Gripper Roll,3.46
9342323004992,Tough Dog Toy Gel Ring ,3.46
9342323004992,Tough Dog Toy Rubber Cross,3.46
9342323004992,Tough Dog Toy Treat Football ,3.46
9342323004992,Tough Dog Toy  Spikey Bone,3.46
9342323004992,Tough Dog Toy Lattice Ball ,3.46
9342323004992,Tough Dog Toy Sausage Roll ,3.46
9342323004992,Tough Dog Toy Small Sausage Roll,3.46
9342323004992,Tough Dog Toy Gel Frisbee 23cm,3.46
9342323001786,Totally Pets Sisal Cat Toys (681102),4.36
9342323001793,Totally Pets Coloured Mice Cat Toys (682289),4.23
9342323002028,Totally Pets Plush 4 Inch Mouse Cat Toy (778941),3.11
9342323002851,Totally Pets Cat Scratcher (288344),6.95
9349569001396,Door Scratcher - Bird For Cats,4.49
9349569004007,Cat Cubby Tree Light Blue with Balls ,59.99
9342323004053,Totally Pets Aust Made Gold Fish Flakes 50gm (837596),5.30
9342323004060,Totally Pets Aust Made Tropical Fish Flakes 50gm (837575),5.50
9342323004077,Totally Pets Aust Made Floating Fish Food  150gm (837601),4.80
9342323001120,Totally Pets Vacation Block (778616),2.98
9342323001137,Totally Pets Oxygen Block,2.99
9342323001144,Totally Pets Weekend Blocks (778593),3.22
9342323001151,Totally Pets Nuetraliser Block (778569),3.11
4710200746016,Pros Choice Tropical Fish Floating Pellet 120gm,9.55
4710200746023,Pros Choice Tropical Fish Floating Pellet 75gm,8.00
4710200746030,Pros Choice Goldfish Floating Food 120gm,10.00
4710200746047,Pros Choice Goldfish Floating Pellet 75gm,7.00
4710200746085,Pros Choice Cichlid Floating Pellet 120gm,8.50
4710200746108,Pros Choice Bottom Feeders Sinking Wafers 72gm,13.00
8888663001051,Todays Tubifex Worms 50gm,13.79
8888663001105,Todays Blood Worms 10gm,11.44
9328756000978,Fischer Floating Fish Pellets  200gm (682344),7.79
9328756001487,APS Axolotol Pellets 140gm,8.00
9342323004473,APS Axolotol Pellets 220gm,10.97
9342323004480,APS Spirulina Algae Wafer 190gm,13.53
9328756002002,APS Spirulina Algae Wafer 110gm,7.47
9342323004558,APS Spirulina Algae Sinkers 140gm,7.70
9342323004565,APS Spirulina Algae Sinkers 220gm,10.97
9328756007151,APS Chiclid Pellets Small  95gm,8.00
9342323004534,APS Chiclid Pellets Small 150gm,10.72
9328756007182,APS Chiclid Flakes 50gm,10.00
9342323004510,APS Chiclid Flakes 20gm,6.17
9342323004541,APS Chiclid Sticks 200gm,10.85
9342323004527,APS Chiclid Sticks 120gm,7.54
9342323004503,APS Tropical Pellets 150gm,10.06
9342323004497,APS Tropical Pellets 95gm,7.39
9342323004602,APS Colour Bites 210gm,11.59
9342323004596,APS Colour Bites 120gm,7.77
9342323004589,APS Australian Native Pellets 220gm,10.90
9342323004572,APS Australian Native Pellets 140gm,7.77
9317564010347,St Bernard Medicated Wash 250ml (788425),18.47
9317564014932,St Bernards Flee Powder 200gm (681136),11.69
9317564022050,St Bernards  Flea Control Shampoo 500ml  (778462),11.39
9317564022104,St Bernard Maldison Wash for Animals 200ml(788433),23.39
9317564025051,St Bernard  2 in 1 Shampoo & Conditioner 500ml (680839),12.59
9317564025297,St Bernards  Oatmeal/Aloevera Shampoo 250ml (680520),14.83
9317564025334,St Bernard Stop Itch 250ml (788360),20.90
9317564025396,St Bernard Flea & Tick Spray 250 ml,18.13
9342323004084,Totally Pets Dog & Cat Shampoo  1 Litre,8.99
9347401001238,Pet X Odour Xterminator For Dogs 500ml,9.89
9347401001245,Pet X Odour Xterminator For Cats 500 ml,9.89
9347401001252,Pet X Bio Bedding Soak 500 ml,9.89
9347401001269,Pet X Natural Honey Oat Shampoo 500 ml,11.13
9347401001283,Pet-X Mango Crush Cologne 250ml,9.72
9347401001290,Pet-X Coconut Milk Cologne 250ml,9.72
9313754170006,Troy Puppy & Kitten Worm  Syrup 50ml (682213),12.79
9317564026218,St Bernards Monthly Heart Worm Lge Dogs 6 pk (788417),23.99
9317564026959,St Bernards Monthly Heart Worm Small Dogs 6 pk(788386),23.69
9317564026973,St Bernards Monthly Heart Worm Med Dogs 6 Pk (788394),23.69
9317564052293,St Bernards  All Wormer 2 Tablets (680449),12.89
9317564052415,St Bernards  Allwormer 3 Tab for Dog (680693),14.99
9317564053375,St Bernards  4 in 1 Worm Tablet 10 Pack (778488),11.09
9317564054211,St Bernards  All Wormer 6 Tablets (778501),18.29
9317564104695,St Bernards  Allwormer paste for Cats (778496),11.27
9317564105531,St Bernard  Allwormer Tablets for Cats 4pk (955048),10.07
9338094028053,RSPCA Allwormer Tablets for Cats 2 Tab  (5 Only),14.27
9322930000372,Totally Pets Small Dog Bowl (778682),3.11
9322930000389,Totally Pets Large Dog Bowl (856202),5.61
9342323000840,Totally Pets Twin Pet Bowl (955129),3.73
9342323002554,Totally Pets Plastic Cat Bowl 15cm (281627),2.74
9342323002103,Totally Pets Stainless Steel  Bowl Sm (955145),6.02
9342323001076,Totally Pets Stainless Steel Bowl Med (955137),6.65
9342323002110,Totally Pets Stainless Steel Bowl Lg (778755),9.87
9329478001656,Totally Pets Stainless Steel Bowl X Lg 2.8LT,10.19
4895092830286,Bowl Auto Feeder/ Waterer 600m Sml 2 in 1 Feeder/Drinker,5.39
4895092830293,Bowl Auto Waterer 1.5L Lge 2 in 1 Feeder/Drinker1.5Lt,7.00
9325466002155,"Ceramic Pet Dish 3""",3.59
9325466002162,"Ceramic Pet Dish 4""",4.79
9325466002179,"Ceramic Pet Dish 5""",8.00
9325466002186,"Ceramic Pet Bowl 7""",11.00
9325466002193,"Ceramic Pet Dish 9""",15.00
9311821011504,"Ceramic Pet Dish 11""",20.31
9342323004121,Ant Free Dog Bowl,2.65
9349569000115,Double dish tray with 2 removable bowls,4.19
9349569001228,Travel Water Bottle Large,2.20
9329478034548,Bowl Ceramic Dog Green/White Stripe Sml 11cm Dia x 4.5c,3.03
9329478034531,Bowl Ceramic Dog Green/White Stripe  Med 16cm Dia x 6c,6.55
9329478034524,Bowl Ceramic Dog Green/White Stripe Lge 21cm Dia x 7.5cm,10.49
9329478034517,Bowl Ceramic Dog Green/White Stripe XL 25cm Dia x 9c,12.91
9329478034647,Bowl Ceramic Paw/Hrt Blk/Wht Sm 11cm Dia x 4.5c,2.83
9329478034630,Bowl Ceramic Paw/Hrt Blk/Wht Med 16cm Dia x 6cm  ,6.27
9329478034623,Bowl Ceramic Paw/Hrt Blk/Wht Lge 21cm Dia x 7.5c,10.29
9329478029414,Bowl Ceramic Dog Earthware Small 13cm Dia x 4.5cm,5.65
9329478029421,Bowl Ceramic Dog Earthware Large 18cm Dia x 6cm,8.25
9311821503115,HD Rubber Base SS Bowl 10oz/0.3L,4.06
9311821503122,HD Rubber Base SS Bowl 1 Pint /0.5L,4.94
9311821503139,HD Rubber Base SS Bowl 1Quart /1L,7.74
9311821503146,HD Rubber Base SS Bowl 2Quart /2L,10.30
9311821503153,HD Rubber Base SS Bowl 3Quart /3L,13.21
9311821503160,HD Rubber Base SS Bowl 4Quart /4L,16.40
9311821700798,18oz SS Slow Feed 530ml,10.21
9311821900808,25oz SS Slow Feed 735ml,10.60
9311821900815,45oz SS Slow Feed 1.33ltr,13.29
9342323002127,Totally Pets Cat Brush (856197),6.23
9342323002219,Totally Pets Nail Clippers (709997),6.23
9342323001991,Totally Pets Double Sided Brush,6.89
9329478027496,Slicker Brush Med ,4.65
9317564007040,St Bernard Litterliner Pk 10 (680724),4.15
9322930000419,Totally Pets Litter Tray (682239),5.29
9342323000819,Totally Pets Litter Scoop (778975),2.49
9342323003100,Totally Pets Pooper Scooper,27.59
9311821112188,Showmaster Puppy Training Pads 14 Pack,15.50
9349569001310,Cat Litter Box - Triangular with Lid,12.00
9349569004083,Litter Scoop with Bag,1.99
4710969873213,Unipet Digital Thermometer,5.89
6500100813004,Orca Power Filter 300L/H,16.00
6500200801505,Orca Power Filter 150L/H Mini,14.00
6500200803202,Orca Power Filter 450L/H,18.00
6500200803509,Orca Power Filter 350L/H,16.50
6920255810459,Hailea 9904 Twin Airpump ,25.00
6920255810466,Hailea 9903 Twin Air Pump,19.50
6920255810473,Hailea 9902 Single Air Pump,16.00
6920255810480,Hailea  9901 Single Air Pump,15.00
6920255825033,Hailea Flex Air Curtain 30cm,16.95
6920255825071,Hailea Flex Air curtain 90cm,17.95
6920255840012,Hailea  Glass Thermometer,5.45
8995233300602,Orca Jumbo Corner Filter,14.99
8995233301333,Orca Highly Ac Carbon 500g,10.75
8995233301364,Filter Wool 100gm,4.00
8995233302033,"Orca Gravel Cleaner 10""",21.99
8995233302071,Orca Coloured Crystals For Fish Tanks,11.95
9322930001140, 4'' Airstone,3.99
9342323004152, 6'' Airstone,4.49
9342323004169,12'' Airstone,6.90
9325466004203,Orca Heater 25 Watt Aquarium Heater,29.99
9325466004210,Orca Heater 50 Watt Aquarium Heater,31.69
9325466004227,Orca Heater 100 Watt Aquarium Heater,32.99
9325466004234,Orca Heater 150 Watt Aquarium Heater,38.99
9325466004241,Orca Heater 200- Watt Aquarium Heater,39.99
9325466004579,Orca Floatng Magnetic Cleaner Md,29.99
9325466005576,Orca Aquarium Sponge Filter,9.31
9328756000015,APS PH Test Kit,10.99
9342323004619,Sedra PF-750 pond Pump 750 L/ Hour 1.4m ,39.09
9342323004626,Sedra PF-1000 pond Pump 1000 L/ Hour 1.8m ,42.65
9342323004633,Sedra PF-2000 pond Pump 2000 L/ Hour 2.5m ,59.23
9342323004640,Sedra PF-3000 pond Pump 3000 L/ Hour 2.8m ,71.08
9342323004657,Sedra PF-5000 pond Pump 5000 L/ Hour 3.6m ,136.23
9328756000169,APS Fung & Fin Rot Cure 100m,9.29
9328756000206,APS Multicure 100ml,10.39
9328756000244,APS White Spot Cure 100ml,9.89
9328756000510,APS Plast Aquarium Bowl Sm,21.99
9328756000565,APS Painted Pebbles 600gm,5.29
9328756000725,APS Water ager 100ml,5.48
9328756000756,APS Algae Killer 100ml,8.49
9328756000855,APS PondWater Ager 500ml,12.68
9328756000862,APS Pond Clearwater 500ml,17.54
9328756000879,APS Pond Algae Killer 500ml,16.14
9328756006734,APS Pond Algae Killer 1000ml,30.00
9328756006741,APS Pond Water Ager 1000ml,27.36
9328756006758,APS Pond Clear Water 1000ml,31.83
9328756000916,APS Clearwater 100ml,8.29
9328756001678,APS Fine White Aquarium Gravel 2 Kg,6.29
9328756001821,Natural Gravel 3mm Multi 2kg,10.91
9328756002545,Coloured Gravel 6mm Black  2kg,11.39
9328756002590,Coloured Gravel 6mm  Blue  2kg,10.91
9328756002699,Coloured Gravel 6mm Green  2kg,10.91
9328756002798,Coloured Gravel 6mm Pink 2kg,10.91
9328756002842,Coloured Gravel 6mm Purple 2kg,10.91
9328756002897,Coloured Gravel 6mm Rainbow 2kg,10.91
9328756004082,Natural Gravel 6mm Multi 2kg,10.91
9328756009414,Coloured Gravel 3mm Black  2kg,10.00
9328756009766,Coloured Gravel 6mm Red 2kg,10.91
9328756009773,Silver Sand 5kg,9.99
9342323000543,Totally Pets Aquarium Scraper,8.49
9342323000550,Totally Pets Wine Cup Fish Bowl 3.3 Ltr,11.29
9342323000635,2 in 1 Fish Hatchery,10.49
9342323000642,Fish Net Breeding Box (S) W/Metal Clips,11.99
9342323000666,Totally Pets Airline Tubing 2 Metres,3.39
9342323001182,Totally Pets Polyresin Sea Creatures Ornaments,5.39
9342323002073,Totally Pets 6 Inch Fish Net,3.79
9342323002080,Totally Pets 4 Inch Fish Net,1.85
4895092816815,Totally Pets 8 Inch Fish Net,4.50
4895092816914,Totally Pets 10 Inch Fish Net,5.38
30172078828,"Nemo Ornament 3.5"" ",5.50
9329478004251,Totally Pets Plastic Aquarium Small 25x15x19cm  ,7.55
9342323001175,Totally Pets Medium Plastic Aquarium (955179) 32x18x26cm,12.79
9329478004275,Totally Pets Plastic Aquarium Large 39x24x29cm ,15.33
9329478004404,Ruins Ornament 14 x 10 x 18cm,5.31
9329478027830,Divers Helmet Ornament 13 x 13 x 15cm,8.17
9329478028387,Rock Arch With Plant Ornament Med,8.29
9329478035200,Rustic Hut Small Ornament 10cm,6.38
9329478035286,Sunken Ship Small Ornament 20cm,6.18
9311821700132,Egyptian Skull 15 x 15 x 14cm ,8.36
9311821700149,Dinosaur Skeleton 27 x 12 x 18cm ,12.17
9311821700156,Red Coral 17 x 16 x 7cm ,9.88
9311821700163,Blue Coral 15 x 10 x 11cm ,12.93
9311821700170,Skull & Dagger 20 x 16 x 12cm,10.65
9311821700187,Rhino Skull 18 x 11 x 12 ,8.36
9311821700194,Pocket Watch 10 x 9 x 6cm,5.62
6900000000021,Corner Rock Ornament Med 20 x 18 x 18 cm ,14.00
6900000000014,Corner Rock Ornament Sml 15 x 15 x 11cm,8.51
6900000000038,Corner Rock Ornament Large 25 x 25 x 19cm ,28.01
6900000000045,1/2 Hollow Log Ornament 13 x 10 x 8cm ,7.30
6900000000052,1/2 Hollow Log Ornament 18 x 12 x 8.5cm ,10.34
6900000000199,Bridge Ornament 18 x 7 x 9cm ,6.08
6900000000205,Bridge Ornament 26 x 8 x 8cm ,9.88
6900000000298,Shipwreck Ornament 25 x 8 x 11cm ,8.99
6900000000427,Purple Coral 22 x 17 x 23cm  ,17.44
6900000000434,Orange Coral 16 x 10 x 23cm,11.58
6900000000441,Green Coral 12 x 8 x 18cm  ,7.08
6900000000458,Blue  Coral 14 x 11 x 15cm  ,6.47
6900000000465,Orange Coral 12 x 8 x 8cm ,5.48
6900000000472,Pink Coral 11 x 6 x 10cm ,4.80
6900000000489,Blue Coral 8 x 6 x 10cm ,4.87
6900000000496,Pink Anemone 8 x 8 x 11cm ,6.78
6900000000502,Yellow Anemone  8 x 8 x 11cm ,6.78
6900000000519,Purple Anemone 8 x 8 x 11cm ,6.78
6900000000526,Orange Anemone 8 x 8 x 11cm ,6.78
6900000000601,Coral Stack with Air Clams Ornament 20 x 13 x 14cm,17.13
6900000000687,Octopus Garden 16 x 8 x 9cm ,6.09
9342323002097,Totally Pets Polyresin Castle/Cliff,7.19
9342323002257,Totally Pets Aquarium Plant Sml,4.49
9342323002264,Totally Pets Aquarium Plant Large,6.99
9342323002318,Totally Pets Small   Airstone Pk 2,3.59
737399310884,Aristopet Bird Wormer 125ml,16.00
4710716622590,Single Bird Ring,8.77
4710716643519,Rope Perch 16mm x 530mm,4.32
4710716643564,Rope Perch 20mm x 660mm  ,6.09
4710716643625,Rope Perch 30mm x 914mm ,9.32
4710969870755,Metal Cuttlebone Holders (2 pk),3.40
4710969871332,Totally Pets Bird Net with Wooden Handle,20.50
4710969871349,Sml Sand Perch Covers (6 Pk),4.79
4710969871820,Wooden Perch  12mm x 457mm 2Pk,7.99
4710969871882,Wooden Perch  24mm x 508mm 2Pk,10.19
4710969875170,Nest Can Finch Bottleneck,5.99
4710969879994,Rope Perch 16mm x 380mm ,3.52
4711871379091,Padded Bird Net 20cm,12.10
4711871379459,Padded Bird Net 35cm,15.40
4717427301004,G & W Tube Feeder/Drinker  190cc,2.99
4717427301028,G & W Tube Feeder/Drinker 400c,4.86
4895092806182,28cm Deluxe Ladder W/Bell  ,4.15
4895092860092,Jumbo Feeder,5.08
4895092860726,Coop Cup High Back & Perch 9cm,2.39
4895092860733,Coop Cup High Back & Perch 7cm,2.15
4895092860795,Feeder Plastic Square Large 170mm,5.99
4895092860801,Feeder Plastic Square X Large 230mm,7.44
4895092860931,Plastic Cuttlebone Holders  (2 pk),1.19
4895092860948,Bird  Fruit Stick,3.59
4895092862027,Outside Birdbath ,4.75
4895092862201,Transparent Bird Bath ,2.99
4895092862515,Plastic Canary Nest  ,2.10
4895092864083,Mirror Lantern With Bell,2.99
4895092864151,Double Sided Round Mirror  ,2.99
4895092865042,Tri Swing with Ring & Bells ,2.99
7034256336579,Feeder 2 Cup Rotating Twin Swivel Feeders 6 inch,33.86
9311821001390,ShowMaster Parrot Nesting Material 500g,3.34
9311821600050,Stainless Steel Feeder Coop Cup with Clamp .15 L,3.71
9311821827730,1Kg Probird Fine Shell Grit,3.60
9311821900426,Sml Cane Finch Nest Beehive,4.54
9311821900433,Lge Cane Finch Nest Beehive,4.87
9311821901966,30g Nesting Feathers,2.59
9311821901973,60g Nesting Feathers SHOWMASTER,4.69
9311821901980,30g Nesting Fibre,4.25
9311821901997,60g Nesting Fibre SHOWMASTER,6.87
9311821904295,500g Probird Calcium Health Grit ,5.27
9311821904455,CB Star Wooden Toy,10.14
9311821904462,CB Cylinder & Rope W/Bell,6.06
9311821904479,CB Spiral Sticks W/Bell,4.06
9311821904486,CB Wood & Bead Circle,7.09
9311821904493,CB Triangle Spriral,8.80
9311821904509,CB 9 Step Ladder W/Beads,6.75
9311821904516,CB 6 Step Ladder W/Beads,5.03
9311821904523,CB Hanging Tri-Bell,10.11
9311821904530,CB Block & Rope W/Bell,7.09
9311821904547,CB Long Cylinder & Rope W/Bell,6.07
9311821904554,CB Large Wooden Ball Swing,6.58
9311821904561,CB Small Wooden Ball Swing,5.05
9311821904578,CB Arch Double Swing,7.62
9311821904585,CB Hanging Quad Bell,7.07
9311821904592,CB Natural Small Rope Lattice,6.56
9311821904608,CB Natural Large Rope Lattice,11.12
9311821905346,4inch Twin Swivel Feeder + Key 2pce,18.00
9311821905421,CB Spiral Rope Perch 132cm,5.53
9311821905438,CB Spiral Rope Perch 165cm,8.38
9311821905445,CB Spiral Rope Perch 240cm,14.16
9311821905643,CB Jumbo Block Stack,15.18
9311821905650,CB Jumbo 6 Stack with Bells,27.01
9311821905667,CB X-Large Angle Block Ladder,16.20
9311821905674,CB Dumbbell Stack,10.10
9311821905681,CB Jumbo Square Block Ladder,19.11
9311821905698,CB Large Parrot 5 Step Ladder,13.15
9325466002261,Totally Pets Small Wicker Nest 12cm,3.99
9328016000014,Seed Tidy 10cm Up to 135cm,4.98
9328016000021,Seed Tidy 10cm Up to 135cm- 160,5.14
9328016000038,Seed Tidy 15cm Up to 135cm,6.02
9328016000045,Seed Tidy 15cm Up To 135cm- 160,6.35
9328016000052,Seed Tidy 15cm Up to 160cm -220,6.84
9328016000069,Seed Tidy 20cm Up to 135cm,7.01
9328016000076,Seed Tidy 20cm Up to 135cm- 160,7.41
9328016000083,Seed Tidy 20cm Up to 160cm-220,8.00
9328016000502,Seed Tidy 20cm Up to 220cm-260,8.48
9328756000121,Canary & Finch Nesting Material 20gm,4.50
9328756000541,Aviary Grit 1.25Kg,4.40
9328756000558,Cage Silver Sand 1.25Kg,5.61
9328756007915,APS Fruit Button 400gm,7.69
9328756008011,APS Fruit & Nut Button 300gm,7.69
9328756008172,APS Fruit & Nut Stick 100gm,5.59
9328756008684,APS Fruit Stick 100gm,5.59
9329478001458,Stainless Steel Feeder Coop Cup .15L,4.19
9329478001465,Stainless Steel Feeder Coop Cup .3L,4.79
9329478001472,Stainless Steel Feeder Coop Cup .6L,5.39
9329478001489,Stainless Steel Feeder Coop Cup .9L,7.19
9329478001496,Stainless Steel Feeder Coop Cup 1.44L,8.99
9329478001502,Stainless Steel Feeder Coop Cup1.9Lt,9.99
9329478001519,Stainless Steel Feeder Coop Cup 2.8Lt,10.99
9329478003117,Toy Rope Double Rings Sm,6.03
9329478003131,Bird Toy Rings Single Large,3.54
9329478003148,Bird Toy Rope Triangle,2.64
9329478004558,Stainless Steel Feeder Coop Cup with Clamp .3 L,4.79
9329478004565,Stainless Steel Feeder Coop Cup with Clamp .6 L,5.39
9329478004572,Stainless Steel Feeder Coop Cup with Clamp .9L,6.95
9329478004589,Stainless Steel Feeder Coop Cup with Clamp 1.44Lt,8.93
9329478009140,Feeder Plastic Covered Single,3.60
9329478009157,Feeder Plastic Covered Double,4.75
9329478019637,Bird Toy Hammock Small,8.99
9329478019644,Bird Toy Hammock Med,11.99
9329478019651,Bird Toy Hammock Large,13.99
9329478024921,Bird Toy Wood & Rope Sm,6.45
9329478024952,Bird Toy Loofah & Rope Med,9.46
9329478024969,Bird Toy Wood & Leather Lge,9.19
9329478024976,Bird Toy Loofah & Rope Swing,6.66
9329478024983,Bird Toy Wood & Rope Ladder,4.15
9329478024990,Bird Toy Wood & Leather,3.50
9329478025003,Bird Toy Wood & Rope W Bell,3.55
9329478025065,Bird Toy Climbing Net Small,9.99
9329478025096,Bird Toy Climbing Net Large,29.77
9329478025102,Bird Toy Shopping Cart,8.36
9329478030571,Swing Wood Wire 10cm,4.79
9329478030588,Swing Wood Wire  17 x 15cm,5.57
9329478030625,Wood Ladder 5 Step,4.79
9329478030632,Wood Ladder 7 Step,5.57
9329478030656,Wood Ladder 11 Step,5.99
9329478030663,Calcium Perch 140mm,5.50
9329478030670,Calcium Perch 220mm,6.29
9329478030687,Calcium Perch 255mm,7.19
9329478030694,Calcium Perch 160mm,5.99
9329478032339,Bird Toy Perch Rope 45cm,2.98
9329478032346,Bird Toy Perch Rope 70cm,4.22
9329478035033,Bird Toy Pumice Kabob,4.15
9329478040181,Bird Toy Wood Diamond,6.75
9329478040198,Bird Toy Loofah & Rope W Bell,5.74
9329478040204,Bird Toy Wood & Rope X Lge,12.98
9342323000277,Totally Pets Budgie Nest Box,6.99
9342323000284,Totally Pets Finch Nest Box,6.99
9342323000314,Totally Pets Goulian Finch Nest Box,6.99
9342323000345,Lovebird Breeding Box,8.44
9342323000451,"Parrott Breeding  Box 12 """,12.34
9342323000475,"Parrot Breeding Box 24"" (60cm)",34.54
9342323000482,Nest Box _ Cockatiel,9.25
9342323000512,Totally Pets Stainless Steel Parrot Feeder Med,17.29
9342323000536,"Totally Pets Stainless Steel 4"" D' Feeder",14.89
9342323000680,Totally Pets Small Coop Cup Twin Pack(856228),4.07
9342323000697,Totally Pets Large Coop Cup Twin Pack(778404),5.87
9342323000703,Totally Pets Large Coop Cup (955006),4.23
9342323000710,Totally Pets Perch Star (955111),3.36
9342323000727,Totally Pets Sand Perch Covers (3Pk) (955056),4.98
9342323000734,Totally Pets Senior Feeder (778399),3.36
9342323000741,Totally Pets Bird Ladder (778674),3.36
9342323000765,Totally Pets Double Sided Mirror (778713),3.73
9342323000789,Totally Pets Triple Lattice Ball (856210),3.36
9342323000796,Totally Pets Bird Swing (778373),3.36
9342323000802,Totally Pets Mirror Bird Bath,3.36
9342323000826,Totally Pets Cuttlebone (778381),3.73
9342323001199,Totally Pets JumboDrinker/  Feeder (856286),5.61
9342323001274,Totally Pets Wooden Bird Ladder (955064),5.79
9342323001915,Totally Pets Sand Sheets 6 Pack (778690),4.36
9342323001922,Totally Pets Grit Sheets 3 Pack (778739),3.89
9342323002202,Totally Pets Olympic Bird Rings (778470),3.36
9342323002325,Totally Pets Timber Perch 12mm x 355mm 2 Pack,7.79
9342323004091,Wooden Perch  12mm x 600mm 2Pk,6.20
9342323001861,Totally Pets Gold Chain 66cm (955153),8.39
9342323001717,Totally Pets Choke Chain 35cm (681209),3.59
9342323001724,Totally Pets Choke Chain 45cm (680766),4.67
9342323001731,Totally Pets Choke Chain 55cm (681047),4.98
9342323001748,Totally Pets Choke Chain 65cm (681194),5.92
9342323001755,Totally Pets Choke Chain 75cm (680782),6.85
9342323001762,Totally Pets Tie Out Chain 2.5mm x 6' (680790),8.10
9342323001779,Totally Pets Tie Out Chain 3.5mm x 10' (680740),10.79
9342323001823,Totally Pets Chain Lead 120cm (778810),8.93
9342323001830,Totally Pets Adjustable Nylon Leash 25mm x 120cm  --Mixed(778802),7.48
9342323001830,Totally Pets Adjustable Nylon Leash 25mm x 120cm  Black(778802),7.48
9342323001830,Totally Pets Adjustable Nylon Leash 25mm x 120cm  Blue(778802),7.48
9342323001830,Totally Pets Adjustable Nylon Leash 25mm x 120cm  Red(778802),7.48
9342323001830,Totally Pets Adjustable Nylon Leash 25mm x 120cm  Dark Green (778802),7.48
9342323001830,Totally Pets Adjustable Nylon Leash 25mm x 120cm  Pink(778802),7.48
9342323001830,Totally Pets Adjustable Nylon Leash 25mm x 120cm Purple(778802) ,7.48
9342323001830,Totally Pets Adjustable Nylon Leash 25mm x 120cm  Fluro Green (778802),7.48
9342323001830,Totally Pets Adjustable Nylon Leash 25mm x 120cm Gold (778802),7.48
9342323001830,Totally Pets Adjustable Nylon Leash 25mm x 120cm Light Blue (778802) ,7.48
9342323002134,Totally Pets Nylon Lead 90cm (778666) --Mixed,5.61
9342323002134,Totally Pets Nylon Lead 90cm (778666) Black,5.61
9342323002134,Totally Pets Nylon Lead 90cm (778666) Blue,5.61
9342323002134,Totally Pets Nylon Lead 90cm (778666) Red,5.61
9342323002134,Totally Pets Nylon Lead 90cm (778666) Green,5.61
9342323002134,Totally Pets Nylon Lead 90cm (778666) Pink,5.61
9342323002134,Totally Pets Nylon Lead 90cm (778666) Purple,5.61
9342323002134,Totally Pets Nylon Lead 90cm (778666) Gold,5.61
9342323002141,Totally Pets 180cm Dog Lead (778876) --Mixed,10.18
9342323002141,Totally Pets 180cm Dog Lead (778876) Black,10.18
9342323002141,Totally Pets 180cm Dog Lead (778876) Blue,10.18
9342323002141,Totally Pets 180cm Dog Lead (778876) Red,10.18
9342323002141,Totally Pets 180cm Dog Lead (778876) Dark Green,10.18
9342323002141,Totally Pets 180cm Dog Lead (778876) Pink,10.18
9342323002141,Totally Pets 180cm Dog Lead (778876) Purple,10.18
9342323002141,Totally Pets 180cm Dog Lead (778876) Fluro Green,10.18
9342323002141,Totally Pets 180cm Dog Lead (778876) Gold,10.18
9342323002141,Totally Pets 180cm Dog Lead (778876) Light Blue,10.18
9342323001700,Totally Pets Glamour Cat Collar (682297) --Mixed,5.61
9342323001700,Totally Pets Glamour Cat Collar (682297) Pink Reflective  Paws,5.61
9342323001700,Totally Pets Glamour Cat Collar (682297) Pink & Silver  Flower,5.61
9342323001700,Totally Pets Glamour Cat Collar (682297) Blue,5.61
9342323001700,Totally Pets Glamour Cat Collar (682297) Green,5.61
9342323001700,Totally Pets Glamour Cat Collar (682297) Black,5.61
9342323001700,Totally Pets Glamour Cat Collar (682297) Red,5.61
9342323001847,Totally Pets Elastic Cat Collar (778747) --Mixed,5.61
9342323001847,Totally Pets Elastic Cat Collar (778747) Black,5.61
9342323001847,Totally Pets Elastic Cat Collar (778747) Blue,5.61
9342323001847,Totally Pets Elastic Cat Collar (778747) Red,5.61
9342323001847,Totally Pets Elastic Cat Collar (778747) Green,5.61
9342323001847,Totally Pets Elastic Cat Collar (778747) Pink,5.61
9342323001847,Totally Pets Elastic Cat Collar (778747) Purple,5.61
9342323002158,Totally Pets 30cm  Leather Dog Collar(955195) --Mixed,5.46
9342323002158,Totally Pets 30cm  Leather Dog Collar(955195)Purple (Patterened),5.46
9342323002158,Totally Pets 30cm  Leather Dog Collar (955195) Red (Patterened),5.46
9342323002158,Totally Pets 30cm  Leather Dog Collar (955195) Black Plain,5.46
9342323002158,Totally Pets 30cm  Leather Dog Collar (955195) Blue Plain,5.46
9342323002158,Totally Pets 30cm  Leather Dog Collar (955195) Red Plain,5.46
9342323002158,Totally Pets 30cm  Leather Dog Collar (955195) Pink Plain,5.46
9342323002158,Totally Pets 30cm  Leather Dog Collar (955195) Purple Plain,5.46
9342323002158,Totally Pets 30cm  Leather Dog Collar (955195) Brown Plain,5.46
9342323002158,Totally Pets 30cm  Leather Dog Collar (955195) Aqua Plain,5.46
9342323002165,Totally Pets  40cm Leather Dog Collar (955200) --Mixed,7.69
9342323002165,Totally Pets  40cm Leather Dog Collar (955200) Purple (Patterened),7.69
9342323002165,Totally Pets  40cm Leather Dog Collar (955200) Red (Patterened),7.69
9342323002165,Totally Pets  40cm Leather Dog Collar (955200) Brown & Tan (Patterned),7.69
9342323002165,Totally Pets  40cm Leather Dog Collar (955200) Brown & Blue  (Patterned),7.69
9342323002165,Totally Pets  40cm Leather Dog Collar (955200) Black Plain,7.69
9342323002165,Totally Pets  40cm Leather Dog Collar (955200) Blue Plain,7.69
9342323002165,Totally Pets  40cm Leather Dog Collar (955200) Red Plain,7.69
9342323002165,Totally Pets  40cm Leather Dog Collar (955200) Pink Plain,7.69
9342323002165,Totally Pets  40cm Leather Dog Collar (955200) Purple Plain,7.69
9342323002165,Totally Pets  40cm Leather Dog Collar (955200) Brown Plain,7.69
9342323002165,Totally Pets  40cm Leather Dog Collar (955200) Aqua Plain,7.69
9342323002172,Totally Pets 50cm Leather Dog Collar (955187) --Mixed,9.66
9342323002172,Totally Pets 50cm Leather Dog Collar (955187) Purple (Patterened),9.66
9342323002172,Totally Pets 50cm Leather Dog Collar (955187)  Red (Patterened),9.66
9342323002172,Totally Pets 50cm Leather Dog Collar (955187) Brown & Tan (Patterned),9.66
9342323002172,Totally Pets 50cm Leather Dog Collar (955187) Brown & Blue (Patterned),9.66
9342323002172,Totally Pets 50cm Leather Dog Collar (955187) Black Plain,9.66
9342323002172,Totally Pets 50cm Leather Dog Collar (955187) Blue Plain,9.66
9342323002172,Totally Pets 50cm Leather Dog Collar (955187) Red Plain,9.66
9342323002172,Totally Pets 50cm Leather Dog Collar (955187) Pink Plain,9.66
9342323002172,Totally Pets 50cm Leather Dog Collar (955187)Purple Plain,9.66
9342323002172,Totally Pets 50cm Leather Dog Collar (955187)Brown Plain,9.66
9342323002172,Totally Pets 50cm Leather Dog Collar (955187) Aqua Plain,9.66
9342323002189,Totally Pets 60cm Leather Dog Collar (955030) --Mixed,12.47
9342323002189,Totally Pets 60cm Leather Dog Collar (955030) Black ,12.47
9342323002189,Totally Pets 60cm Leather Dog Collar (955030) Blue ,12.47
9342323002189,Totally Pets 60cm Leather Dog Collar (955030) Red ,12.47
9342323002189,Totally Pets 60cm Leather Dog Collar (955030) Pink ,12.47
9342323002189,Totally Pets 60cm Leather Dog Collar (955030) Purple ,12.47
9342323002189,Totally Pets 60cm Leather Dog Collar (955030) Brown ,12.47
9342323002189,Totally Pets 60cm Leather Dog Collar (955030) Aqua ,12.47
9342323002196,Totally Pets 60cm Studded Leather Dog Collar (778959)  --Mixed,13.09
9342323002196,Totally Pets 60cm Studded Leather Dog Collar (778959)  Black ,13.09
9342323002196,Totally Pets 60cm Studded Leather Dog Collar (778959)  Blue ,13.09
9342323002196,Totally Pets 60cm Studded Leather Dog Collar (778959) Red,13.09
9342323002196,Totally Pets 60cm Studded Leather Dog Collar (778959)  Pink,13.09
9342323002196,Totally Pets 60cm Studded Leather Dog Collar (778959) Purple ,13.09
9342323002196,Totally Pets 60cm Studded Leather Dog Collar (778959) Brown,13.09
9342323002196,Totally Pets 60cm Studded Leather Dog Collar (778959) Aqua ,13.09
9342323002233,Totally Pets Staffy/ Bull Terrier Collar 60cm (856236) Black,36.16
9342323002233,Totally Pets Staffy/ Bull Terrier Collar 60cm (856236) Red,36.16
9342323002233,Totally Pets Staffy/ Bull Terrier Collar 60cm (856236) Brown,36.16
9342323002233,Totally Pets Staffy/ Bull Terrier Collar 60cm (856236) Cognac,36.16
9342323002240,Totally Pets Staffy/ Bull Terrier Collar  50cm (955022) Black,32.44
9342323002240,Totally Pets Staffy/ Bull Terrier Collar  50cm (955022) Red,32.44
9342323002240,Totally Pets Staffy/ Bull Terrier Collar  50cm (955022) Brown,32.44
9342323002240,Totally Pets Staffy/ Bull Terrier Collar  50cm (955022) Cognac,32.44
9342323003117,Fabuleash Jewel Collection Crystal (770325),9.59
9342323003117,Fabuleash Jewel Collection Dark Red,9.59
9342323003117,Fabuleash Jewel Collection Gray,9.59
9342323003117,Fabuleash Jewel Collection Pink ,9.59
9342323003117,Fabuleash Jewel Collection Red ,9.59
9342323003117,Fabuleash Jewel Collection Black ,9.59
9342323003117,Fabuleash Jewel Collection Blue ,9.59
9342323003117,Fabuleash Jewel Collection Green ,9.59
9342323003117,Fabuleash Jewel Collection Pearl ,9.59
9342323003124,Fabuleash Fab Collection Black(770294),11.99
9342323003131,Fabuleash Boutique Collection Black (770278),23.79
9342323003131,Fabuleash Boutique Collection Clear,23.79
9342323003131,Fabuleash Boutique Collection Pearl ,23.79
9342323003131,Fabuleash Boutique Collection Pink,23.79
9342323003148,Fabuleash  Bangle Pink Collection (770317),17.99
9342323003148,Fabuleash  Bangle Black Collection (770317),17.10
9342323003148,Fabuleash  Bangle Clear Collection (770317),17.10
9342323003155,Fabuleash 16 '' 40cm Collar (770286) Diamonte,15.59
9342323003155,Fabuleash 40cm Collar Brown Animal Print (770286)(1),15.59
9342323003155,Fabuleash 40cm Collar Black Animal Print (3),15.60
9342323003155,Fabuleash 40cm Collar Black ,15.61
9342323003155,Fabuleash 40cm Collar Blue,15.62
9342323003155,Fabuleash 40cm Collar Brown (2),15.63
9342323003155,Fabuleash 40cm Collar Green,15.64
9342323003155,Fabuleash 40cm Collar Orange,15.65
9342323003155,Fabuleash 40cm Collar Pearl,15.66
9342323003155,Fabuleash 40cm Collar Pink,15.67
9342323003155,Fabuleash 40cm Collar Purple,15.68
9342323003162,"Fabuleash 12"" 30cm Collar (787314) Diamonte",12.59
9342323003162,"Fabuleash 12"" 30cm Collar Black (787314)",12.59
9342323003162,"Fabuleash 12"" 30cm Collar Blue (787314)",12.60
9342323003162,"Fabuleash 12"" 30cm Collar Brown (787314) (3)",12.61
9342323003162,"Fabuleash 12"" 30cm Collar Green",12.62
9342323003162,"Fabuleash 12"" 30cm Collar Orange",12.63
9342323003162,"Fabuleash 12"" 30cm Collar Grey",12.64
9342323003162,"Fabuleash 12"" 30cm Collar Pearl",12.65
9342323003162,"Fabuleash 12"" 30cm Collar Pink",12.66
9342323003162,"Fabuleash 12"" 30cm Collar Purple",12.67
9342323003179,Fabuleash Animal Print Brown (770341),17.99
9342323003179,Fabuleash Animal Print Grey (770341),17.10
9342323003186,Fabuleash Cube Collection Black (770309) (1),14.39
9342323003223,Fabuleash Spike /  Fireball Collection Black (770304),22.99
9342323003223,Fabuleash Spike /  Fireball Collection Blue (770304),22.10
9342323003223,Fabuleash Spike /  Fireball Collection Clear(770304),22.10
9342323003223,Fabuleash Spike /  Fireball Collection Green (770304),22.10
9342323003223,Fabuleash Spike /  Fireball Collection Orange (770304),22.10
9342323003223,Fabuleash Spike /  Fireball Collection Pink(770304),22.10
9342323003223,Fabuleash Spike /  Fireball Collection Purple (770304),22.11
9349569000757,Retractable Dog Leash - 4m,7.94
9342323002059,Totally Pets Car & Walking Dog HarnessL 25mm x 70-90cm,11.69
9342323002066,Totally Pets Car & Walking Dog HarnessXL25mm x 80-100cm,12.56
9349569000764,Dog Collar - Reflective Paw Nylon - Large 2.5 x 60cm,5.39
9349569000771,Dog Collar - Reflective Paw Nylon - Medium  2.0 x 50cm,4.79
9349569000788,Dog Collar - Reflective Paw Nylon - Small  1.5 x 40cm,4.19
9349569000795,Dog Collar - Reflective Paw Nylon - Extra Small 1 x 30cm,2.99
9349569000801,Dog Lead - Reflective Paw Nylon - Large 2.5cm (W) x 120cm (L),5.99
9349569000818,Dog Lead - Reflective Paw Nylon - Medium 2cm (W) x 120cm (L),5.39
9349569000825,Dog Lead - Reflective Paw Nylon - Small 1.5cm (W) x 120cm (L),4.19
9349569000832,Dog Lead - Reflective Paw Nylon -Extra Small 1cm (W) x 120cm (L),3.89
9349569000849,Dog Collar with Reflective Paw Nylon Padded - Large 60cm,5.99
9349569000856,Dog harness - Soft Air Mesh - Small Pink,5.69
9349569000863,Dog harness - Soft Air Mesh - Extra Small Pink,5.09
9349569000870,Dog Harness - Air Mesh - Large,2.58
9349569000887,Dog Harness - Air Mesh - Medium Blue,7.19
9349569000894,Dog Harness - Air Mesh - Small,6.59
9349569000900,Mesh dog harness reflective - Large,2.58
9349569000917,Mesh dog harness reflective - Extra Large,2.58
9349569000955,Dog Lead - Light Blue 120cm Matches Air Mesh Harness  Blue,5.39
9349569000962,Dog Collar - Nylon Padded - Large 2.5 x 60cm,5.39
9349569000979,Dog Collar - Nylon Padded - Medium  2 x 50cm,4.79
9349569001167,Puppy Tartan Collar Brown and Black,2.99
9349569001167,Puppy Tartan Collar Red and Black,2.99
9342323004336,Webbed Training Lead Extra Long 12mm x 3 Metres Black,9.26
9342323004343,Webbed Training Lead Extra Long 12mm x 5 Metres Purple,11.83
9342323004350,Webbed Training Lead Extra Long 12mm x 10 Metres Black,17.51
9342323004367,Webbed Training Lead Extra Long 12mm x 15 Metres Purple,23.19
9342323004374,Webbed Training Lead Extra Long 12mm x 20 Metres Black,28.60
9342323004381,Webbed Training Lead Extra Long 20mm x 10 Metres Red,24.20
9342323004398,Webbed Training Lead Extra Long 20mm x 15 Metres Purple,32.36
9342323004404,Webbed Training Lead Extra Long 20mm x 20 Metres Purple,43.36
9342323004411,Webbed Training Lead Extra Long 25mm x 3 Metres Black,13.38
9342323004428,Webbed Training Lead Extra Long 25mm x 5 Metres Black,17.60
9342323004435,Webbed Training Lead Extra Long 25mm x 10 Metres Black,28.42
9342323004442,Webbed Training Lead Extra Long 25mm x 15 Metres  Purple,38.68
9342323004459,Webbed Training Lead Extra Long 25mm x 20 Metres Black,49.32
9321510991208,Puppy Collar 10mm x 35mm Black,4.15
9321510991208,Puppy Collar 10mm x 35mm Blue,4.15
9321510991208,Puppy Collar 10mm x 35mm Red,4.15
9321510991208,Puppy Collar 10mm x 35mm Green,4.15
9321510991208,Puppy Collar 10mm x 35mm Pink,4.15
9321510991208,Puppy Collar 10mm x 35mm Purple,4.15
9321510959789,Nylon with Reflective Thread Adjustable Collar 10mm s x 20cm -35cm Black,5.50
9321510959789,Nylon with Reflective Thread Adjustable Collar 10mm s x 20cm -35cm Blue,5.50
9321510959789,Nylon with Reflective ThreadAdjustable Collar 10mm s x 20cm -35cm Red,5.50
9321510959789,Nylon with Reflective ThreadAdjustable Collar 10mm s x 20cm -35cm Pink,5.50
9321510959789,Nylon with Reflective Thread Adjustable Collar 10mm s x 20cm -35cm Purple,5.50
9321510959789,Nylon with Reflective ThreadAdjustable Collar 10mm s x 20cm -35cm Fluro Green,5.50
9342323004961,Nylon with Reflective ThreadAdjustable Collar 15mm s x 25cm -40cm Black,5.32
9342323004961,Nylon with Reflective ThreadAdjustable Collar 15mm s x 25cm -40cm Blue,5.32
9342323004961,Nylon with Reflective ThreadAdjustable Collar 15mm s x 25cm -40cm Red,5.32
9342323004961,Nylon with Reflective ThreadAdjustable Collar 15mm s x 25cm -40cm Pink,5.32
9342323004961,Nylon with Reflective ThreadAdjustable Collar 15mm s x 25cm -40cm Purple,5.32
9342323004961,Nylon with Reflective ThreadAdjustable Collar 15mm s x 25cm -40cm Fluro Green,5.32
9342323004978,Nylon with Reflective ThreadAdjustable Collar 20mm s x 30cm -50cm Black,6.42
9342323004978,Nylon with Reflective ThreadAdjustable Collar 20mm s x 30cm -50cm Blue,6.42
9342323004978,Nylon with Reflective ThreadAdjustable Collar 20mm s x 30cm -50cm Red,6.42
9342323004978,Nylon with Reflective ThreadAdjustable Collar 20mm s x 30cm -50cm Pink,6.42
9342323004978,Nylon with Reflective ThreadAdjustable Collar 20mm s x 30cm -50cm Purple,6.42
9342323004978,Nylon with Reflective ThreadAdjustable Collar 20mm s x 30cm -50cm Fluro Green,6.42
9342323004985,Nylon with Reflective ThreadAdjustable Collar 25mm s x 40cm -60cm Black,7.70
9342323004985,Nylon with Reflective ThreadAdjustable Collar 25mm s x 40cm -60cm  Blue,7.70
9342323004985,Nylon with Reflective ThreadAdjustable Collar 25mm s x 40cm -60cm  Red,7.70
9342323004985,Nylon with Reflective ThreadAdjustable Collar 25mm s x 40cm -60cm  Pink,7.70
9342323004985,Nylon with Reflective ThreadAdjustable Collar 25mm s x 40cm -60cm  Purple,7.70
9342323004985,Nylon with Reflective ThreadAdjustable Collar 25mm s x 40cm -60cm  Fluro Green,7.70
9321510953855,Adjustable Poly Collar 10mm x 20cm - 35cm Black,5.23
9321510953855,Adjustable Poly Collar 10mm x 20cm - 35cm Blue,5.23
9321510953855,Adjustable Poly Collar 10mm x 20cm - 35cm Dark Green,5.23
9321510953855,Adjustable Poly Collar 10mm x 20cm - 35cm Fluro Green,5.23
9321510953855,Adjustable Poly Collar 10mm x 20cm - 35cm Gold,5.23
9321510953855,Adjustable Poly Collar 10mm x 20cm - 35cm Light Blue,5.23
9321510953855,Adjustable Poly Collar 10mm x 20cm - 35cm Pink,5.23
9321510953855,Adjustable Poly Collar 10mm x 20cm - 35cm Purple,5.23
9321510953855,Adjustable Poly Collar 10mm x 20cm - 35cm Red,5.23
9321510983081,Adjustable Poly Collar 20mm x 30cm - 50cm Black,6.88
9321510983081,Adjustable Poly Collar 20mm x 30cm - 50cm Blue,6.88
9321510983081,Adjustable Poly Collar 20mm x 30cm - 50cm Dark Green,6.88
9321510983081,Adjustable Poly Collar 20mm x 30cm - 50cm Pink,6.88
9321510983081,Adjustable Poly Collar 20mm x 30cm - 50cm Purple,6.88
9321510983081,Adjustable Poly Collar 20mm x 30cm - 50cm Red,6.88
9321510953787,Adjustable Poly Collar 15mm x 25cm - 40cm Black,5.96
9321510953787,Adjustable Poly Collar 15mm x 25cm - 40cm Blue,5.96
9321510953787,Adjustable Poly Collar 15mm x 25cm - 40cm Dark Green,5.96
9321510953787,Adjustable Poly Collar 15mm x 25cm - 40cm Fluro Green,5.96
9321510953787,Adjustable Poly Collar 15mm x 25cm - 40cm Gold,5.96
9321510953787,Adjustable Poly Collar 15mm x 25cm - 40cm Light Blue,5.96
9321510953787,Adjustable Poly Collar 15mm x 25cm - 40cm Pink,5.96
9321510953787,Adjustable Poly Collar 15mm x 25cm - 40cm Purple,5.96
9321510953787,Adjustable Poly Collar 15mm x 25cm - 40cm Red,5.96
9321510983074,Adjustable Poly Collar 25mm x 40cm - 60cm Black,7.70
9321510983074,Adjustable Poly Collar 25mm x 40cm - 60cm Blue,7.70
9321510983074,Adjustable Poly Collar 25mm x 40cm - 60cm Dark Green,7.70
9321510983074,Adjustable Poly Collar 25mm x 40cm - 60cm Fluro Green,7.70
9321510983074,Adjustable Poly Collar 25mm x 40cm - 60cm Gold,7.70
9321510983074,Adjustable Poly Collar 25mm x 40cm - 60cm Light Blue,7.70
9321510983074,Adjustable Poly Collar 25mm x 40cm - 60cm Pink,7.70
9321510983074,Adjustable Poly Collar 25mm x 40cm - 60cm Purple,7.70
9321510983074,Adjustable Poly Collar 25mm x 40cm - 60cm Red,7.70
9342323004701,Drovers Collar 16mm x 45cm Black,8.43
9342323004701,Drovers Collar 16mm x 45cm Natural,8.43
9342323004718,Drovers Collar 20mm x 50cm Black,9.17
9342323004718,Drovers Collar 20mm x 50cm Natural,9.17
9342323004725,Drovers Collar 23mm x 55cm Black,13.11
9342323004725,Drovers Collar 23mm x 55cm Natural,13.11
9342323004732,Drovers Collar 25mm x 65cm Black,15.22
9342323004732,Drovers Collar 25mm x 65cm  Natural,15.22
9342323004749,Drovers Collar 32mm x 70cm Black,18.24
9342323004749,Drovers Collar 32mm x 70cm Natural,18.24
9342323004756,Drovers Collar Heavy Duty 32mm x  65cm Black,27.33
9342323004763,Drovers Collar Heavy Duty 38mm x  70cm Black,30.72
9342323004770,Drovers Collar Heavy Duty 46mm x  80cm Black,42.14
9342323004688,Rottweiler / Great Dane Collar 40mm x 70mm  Black,34.52
9342323004688,Rottweiler / Great Dane Collar 40mm x 70mm  Red,34.52
9342323004688,Rottweiler / Great Dane Collar 40mm x 70mm  Cognac,34.52
9342323004695,Rottweiler / Great Dane Collar 40mm x 75mm  Black,37.57
9342323004695,Rottweiler / Great Dane Collar 40mm x 75mm  Red,37.57
9342323004695,Rottweiler / Great Dane Collar 40mm x 75mm  Cognac,37.57
9342323004664,Whippet Collar Leather Felt Lined 40mm x 40cm Black,14.58
9342323004664,Whippet Collar Leather Felt Lined 40mm x 40cm Red,14.58
9342323004664,Whippet Collar Leather Felt Lined 40mm x 40cm Pink,14.58
9342323004664,Whippet Collar Leather Felt Lined 40mm x 40cm Purple,14.58
9342323004664,Whippet Collar Leather Felt Lined 40mm x 40cm Brown,14.58
9342323004671,Whippet Collar Leather with Dome Stud 40mm x 40cm Black,25.30
9342323004671,Whippet Collar Leather with Dome Stud 40mm x 40cm Red,25.30
9342323004671,Whippet Collar Leather with Dome Stud 40mm x 40cm Pink,25.30
9342323004671,Whippet Collar Leather with Dome Stud 40mm x 40cm Purple,25.30
9342323004671,Whippet Collar Leather with Dome Stud 40mm x 40cm Brown,25.30
9342323004824,Greyhound Collar Leather 51cm Black,12.83
9342323004824,Greyhound Collar Leather 51cm Red,12.83
9342323004824,Greyhound Collar Leather 51cm Green,12.83
9342323004824,Greyhound Collar Leather 51cm Pink,12.83
9342323004824,Greyhound Collar Leather 51cm Purple,12.83
9342323004824,Greyhound Collar Leather 51cm Brown,12.83
9342323004824,Greyhound Collar Leather 51cm Tan,12.83
9342323004831,Greyhound Collar Leather 51cm Natural,15.40
9342323004848,Greyhound Collar Leather Felt Lined 51cm Black,17.77
9342323004848,Greyhound Collar Leather  Felt Lined 51cm Red,17.77
9342323004848,Greyhound Collar Leather  Felt Lined 51cm Green,17.77
9342323004848,Greyhound Collar Leather  Felt Lined 51cm Pink,17.77
9342323004848,Greyhound Collar Leather  Felt Lined 51cm Purple,17.77
9342323004848,Greyhound Collar Leather Felt Lined  51cm Brown,17.77
9342323004848,Greyhound Collar Leather Felt Lined 51cm Tan,17.77
9342323004817,Greyhound Felt Lined Collar & Lead Set Black,35.20
9342323004817,Greyhound  Felt Lined Collar & Lead Set Red,35.20
9342323004817,Greyhound  Felt Lined Collar & Lead Set Green,35.20
9342323004817,Greyhound  Felt Lined Collar & Lead Set Pink,35.20
9342323004817,Greyhound Felt Lined  Collar & Lead Set Purple,35.20
9342323004817,Greyhound  Felt Lined Collar & Lead Set Brown,35.20
9342323004817,Greyhound Felt Lined Collar & Lead Set Tan,35.20
9321510969528,Beau Pets Nylon Harness X Lg Blue,12.93
9321510969528,Beau Pets Nylon Harness X Lg Pink,12.93
9321510969535,Beau Pets Nylon Harness Lg Blue,10.82
9321510969535,Beau Pets Nylon Harness Lg Pink,10.82
9321510969542,Beau Pets Nylon Harness Med Blue,9.53
9321510969542,Beau Pets Nylon Harness Med Pink,9.53
9321510969559,Beau Pets Nylon Harness Sm Blue,7.98
9321510969559,Beau Pets Nylon Harness Sm Pink,7.98
9342323004787,Calf and Cow Collar 32mm x 75mm Natural,20.90
9342323004794,Calf and Cow Collar 32mm x90mm Natural,26.31
9342323004800,Calf and Cow Collar 45mm x120mm Natural,41.07
9321510954517,Nylon Dog Adjustable Muzzle S ,9.26
9321510954500,Nylon Dog Adjustable Muzzle M ,9.90
9321510954494,Nylon Dog Adjustable Muzzle L ,11.00
9321510954487,Nylon Dog Adjustable Muzzle XL,11.37
9342323004909,Plastic Dog Muzzle Cage Type  Size 1,11.09
9342323004916,Plastic Dog Muzzle Cage Type  Size 2,12.01
9342323004923,Plastic Dog Muzzle Cage Type  Size 3,12.74
9342323004930,Plastic Dog Muzzle Cage Type  Size 4,14.12
9342323004947,Plastic Dog Muzzle Cage Type  Size 5,17.05
9342323004954,Plastic Dog Muzzle Cage Type  Size 6,18.43
9342323004855,Dog Boots padded Nylon Pack 2  Size 1,9.90
9342323004862,Dog Boots padded Nylon Pack 2  Size 2,11.09
9342323004879,Dog Boots padded Nylon Pack 2  Size 3,13.75
9342323004886,Dog Boots padded Nylon Pack 2  Size 4,16.78
9342323004893,Dog Boots padded Nylon Pack 2  Size 5,18.24
9342323003841,Totally Pets Adjustable Car Restraint Strap 25 mm x 40 cm - 65 cm,6.42
9342323003957,Totally Pets Ute & 4WD Restraint Strap,20.53
7034256336081,Small Plastic Curved Roof Kennel 73 x 50 x 60cm,36.65
7034256336098,Small Plastic Curved Roof Kennel 86 x 55 x 65cm,54.98
9310299017506,David Grays Rose Garden Spray 750ml (380272),5.15
9310299073571,David Grays  Lawn Beetle Granules 750gm (604312),5.61
9310299090516,David Grays Vegetable and Derris Dust 500gm,5.03
9310299105500,David Grays Snail Pellets 500gm,2.86
9310299112881,David Grays  Systemic Bug Killer 250gm (492362),7.55
9310299113512,David Grays Tomato Dust 3 in 1 500gm,6.13
9310299119507,David Grays Weed Slayer 750ml,4.30
9310299401053,David Grays Glyphosate 360 500ml,7.44
9310299990458,David Gray Blood n Bone With Seaweed 2 Ltr,5.81
9310299990465,David Gray Blood n Bone With Seaweed 1 ltr,4.37
30835400201,Trapper Mouse Trays 2 Pk,5.99
30835400287,Trapper Glue Boards Rats 2 Pk,14.09
4895092850710,Totally Pets Small Wire Mouse Trap,14.67
5021104052004,Trappit Sticky Insect Traps 5 Pack,10.01
9310290176950,David Grays White Oil 400gm,5.15
9310299176500,David Grays White Oil 400gm,5.15
9310299017292,David Grays Roach Spray 350g (485886),6.75
9310299017490,David Gray Outdoor Fogger 400gm (604281),5.90
9310299037474,David Gray Rat n Mouse Pellets 350gm,3.34
9310299070518,David Gray Antex Granules 500g (985700),5.38
9310299070594,David Grays Antex Ready To Use  2ltr,10.46
9310299705953,David Grays Antex RTU Spray 500ml,4.97
9347659000007,David Grays Roachkill Gel 5g,6.29
9319784801804,Coopex Dust Residual Insecticide(20 x 25g),7.36
9310299081514,David Grays Ant Dust 500gm,4.58
9347401001306,FKN NO More Odours 500ml,9.45
9311821840012,Totally Pets Ball Type Waterer Poultry Drinker  600ml,7.79
9311821840029,Totally Pets Ball Type Waterer Poultry Drinker 1.3L,10.99
9311821840036,Totally Pets Ball Type Waterer Poultry Drinker 2.5 L,14.09
9311821840043,Totally Pets Ball Type Waterer Poultry Drinker  4.0L,14.99
4717427113003,Totally Pets Ball Type Waterer Poultry Drinker  6.5L,17.39
4717427118008,Totally Pets Ball Type Waterer Poultry Drinker  8 L,18.49
4717427111009,Totally Pets Ball Type Waterer Poultry Drinker  12L,25.89
4717427112655,Totally Pets Super Poultry Drinker  20 L,43.40
4717427127017,Totally Pets  Poultry Feeder 1.5Kg,13.79
9311821840098,Totally Pets Poultry Feeder 3kg,16.39
9311821840005,Totally Pets Gear Box Poultry Feeder 5KG,17.39
4717427121015,Totally Pets Gear Box Poultry Feeder 8KG,25.89
4717427120193,Totally Pets Gear Box Poultry Feeder 12KG,28.00
4717427112624,Totally Pets Super Poultry Feeder 18KG,40.93
9328756000749,Hooded Feeder-Chicken & Quail,1.99
9329478040679,Poultry Feeder 1.5Kg   ,3.99
9329478040686,Poultry Feeder 5Kg       ,6.00
9329478040693,Poultry Feeder 6Kg       ,8.00
9329478040709,Poultry Feeder 9Kg       ,12.40
9329478040716,Poultry Waterer Sleeve S 1.5Lt,5.59
9329478040723,Poultry Waterer Sleeve Style 3 Lt,9.09
9329478040730,Poultry Waterer  6 Lt,11.19
9329478040747,Poultry Waterer Sleeve Style  11 Lt     ,12.57
9329478040754,Poultry Waterer Sleeve Style  14 Lt     ,13.91
9342323004114,Poultry Egg Plastic 2 Pk,3.24
9311821600203,Totally Pets Hessian Bags Green Stripe,8.31
9342323002226,Totally Pets  Hessian Aussie Dog Beds (955014),17.46
9349569000603,Pet Bed _ Rectangular Scotsman _ Small _ Green Tartan   16012,14.29
9349569000610,Scotsman Hexagon bed large - green tartan,18.00
9349569000627,Scotsman Hexagon Bed Medium - green tartan,13.64
9349569000634,Scotsman Hexagon bed small - green tartan,11.69
9349569000641,Rectangle Cushion - Scotsman - Large - green tartan,18.19
9349569000658,Rectangle Cushion - Scotsman - Medium - green tartan,25.34
9349569000665,Pet Bed - Rectangular Scotsman - Large - green tartan,16.24
9349569000672,Pet Bed - Rectangular Scotsman - Medium - green tartan,13.00
9349569000689,Pet Bed - Rectangular Scotsman - Small - green tartan16015S,11.71
9349569000696,Pet Bed  Scotsman Half Cave,10.39
9349569000702,Pet Bed _ Regal Paws Donut _ Medium _ Blue 16017-MBU,14.94
9349569000719,Pet Bed - Rectangular Regal Paws - Large - Blue,17.54
9349569000726,Pet Bed Rectangular Regal Paws Med Blue 16018-MBU,13.00
9349569000733,Rectangle Cushion - Regal Paws - Large - Blue,20.14
9349569000740,Rectangle Cushion - Regal Paws - Medium - Blue,15.59
9342323004220,APS Bearded Dragon Food Juvenile 95gm,7.63
9342323004237,APS Bearded Dragon Food Juvenile 160gm,9.71
9342323004244,APS Bearded Dragon Food Adult 95gm,7.63
9342323004251,APS Bearded Dragon Food Adult 145gm,9.71
9342323004268,APS Blue Tongue Pellets Juvenile 95gm,7.63
9342323004275,APS Blue Tongue Pellets Adult 95gm,7.63
9342323004213,APS Blue Tongue Pellets Juvenile 160gm,9.75
9342323004282,APS Blue Tongue Pellets Adult 145gm,9.75
9342323004299,APS Crayfish Pellets 140gm,7.77
9342323004305,APS Crayfish Pellets 230gm,10.35
9342323004312,APS Hermit Crab Pellets 95gm,7.70
9342323004329,APS Hermit Crab Pellets 140gm,10.35
9328756000329,APS Reptile Sand 2.5Kg,11.29
9342323004176,APS Reptile Sand 5Kg,13.29
9342323004183,APS Reptile Sand10Kg,22.00
9342323004190,APS Reptile Sand 15Kg,29.50
9328756001142,APS Turtle Sticks 95gm,7.50
9342323004466,APS Turtle Sticks 140gm,9.00
9342323004473,APS Turtle Water Conditioner Block 20gm,4.01
30172520716,Carrot Wood Munchy For Small Animals,2.99
30172520723,Penn Plax Mini Wood Munchie Stick,1.99
30172520761,Penn Plax Wood Munchie Stick,1.99
4710716639017,Carded Guinea Pig Harness Adjustable,5.99
4710716640471,Carded Rabbit  Harness Adjustable,9.90
4710716640525,Carded Ferret Harness Adjustable,9.90
4895092840230,Lge Small Animal Litter Tray,8.99
7034256336272,Plastic/Wire Rabbit RB80 HUTCH 100cm x 58cm x 45cm Ctn 4,53.37
7034256336333,2 x Plastic/Wire Rabbit RB80 STAND,25.54
9311821900280,Igloo Hideaway Small 14x14x9cm ,2.05
9311821900297,Igloo Hideaway Medium 26x26x16cm ,4.11
9311821900303,Igloo Hideaway Large 39x32x22cm ,6.45
4711871379244,Slimline Rabbit Bottle 480ml,8.57
9311821000140,2kg Smalll Animal Bedding,8.14
9312461000255,Showmaster Small Animal Bedding 600gm,7.69
9329478009119,Metal Mouse Wheel Small 15 x 9 x 17cm,3.58
9329478009126,Metal Mouse Wheel Med 17 x 11 x 21cm,5.01
9329478009133,Metal Mouse Wheel Large 19x 11 x 26cm,6.47
8426126104224,Little Buddies Mouse Wheel ,5.48
9329478035071,Mouse Toy Fun House 12.5 x 15.5 x 2.3cm,4.50
9323007001209,Apple & Cinnamon Equine Pure Delights Treats For Horses 500gm ,11.69
9323007001216,Carrot & Mint Equine Pure Delights Treats For Horses 500gm,11.69
9323007001223,Peppermint & Spin Equine Pure Delights Treats For Horses 500gm,11.69
9328756000626,Totally Pets Micro Feeder,1.99
4710969879567,Drinker Kit Carded (Coke) ,6.00
9329478004213,Small Animal Drinker Bottle 250ml Box 12,4.20
9329478004220,Small Animal Drinker 500ml Bottle Box 12,5.50
9329478004237,Small Animal Drinker Bottle 1000ml Box 6,6.00
4895092852028,Small Animal Mineral Treats  ,2.37
9329478035118,Salt Lick Stone Small Animal,2.09
9329478029438,Ceramic Bowl Small Animal Shallow,2.79
9329478029445,Ceramic Bowl Small Animal Deep,2.89
9342323000833,Totally Pets Small Animal Drink Bottle (778909),6.23
9329478028868,Stainless Steel Bucket 9 Litres Approx,14.59
9369999030988,Mini Straw Bale 22L,15.38
9369999301606,Mini Oaten Bale 22L,14.99
9369999600914,Mini Lucerne Bale 22L,13.86
9369999048365,Mini Rye Grass Bale 22L,12.98
37977100662,Sassy Catch & Count Net,9.45
37977800272,Sassy Hello Baby Phone,6.75
37977800449,Sassy Ring O' Links,4.72
37977800463,Sassy Water Filled Teeethers 2 Pack,4.72
37977800517,Sassy Fascination Station,13.51
37977800678,Sassy Sport Rattle,6.75
37977803297,Sassy Jitter n Go Friend - Bird,8.10
689076615365,KidzKamp Shampoo Rinse Cup,6.49
9001616302213,Mam Ulti So Cute Silky Dummy Soother - 2Pk 4-24m,6.85
9001616309267,MAMFairytale Dummy Soother 2Pk 4-24m,6.85
9001616309281,MAM Pearl Dummy Soother 2Pk 4-24m,6.85
9001616307010,Mam 1st Toothbrush,4.98
9001616307065,MAM Bite n Brush,6.85
9001616309007,MAM Anti Colic Bottle  Single Pk 260ml,8.10
9001616309069,Mam Teat 4+ months cross cut,6.75
9001616309083,MAM Teat 3+ months Size 3,6.75
9001616309120,MAM Bottle 330 ml,6.85
9001616639418,MAM Milk Powder Box,5.61
9001616639425,MAM Heat Sensitive Feeding Spoons,7.48
9001616639432,MAM Baby's Cutlery (3Pc),5.92
9001616666858,MAM Dipper Set,5.61
9001616669163,MAM Baby's Fork & Spoon,4.36
9001616669194,MAM Baby's Bowl With Suction,5.61
9310088001853,tissue1,1.00
9310088001853,tissue2,2.00
9310088001853,tissue3,3.00
9310088001853,tissue4,4.00
9310088001853,tissue5,5.00
9310088001853,tissue6,6.00
93633000,water,1.00
93633000,water1,2.00
9555201800092,peanut,1.00
9555201800092,peanut1,2.00
93681650,black pepper,1.00
93681650,black pepper1,1.1
